Workbook

Sheet Ingredients
A1: Ingredient_ID | B1: Ingredient_Name | C1: Package_Grams | D1: Package_Cost | E1: Calories_per_100g | F1: Cost_per_Gram | G1: Calories_per_Gram
F2: =IFERROR(D2/C2,0) | G2: =IFERROR(E2/100,0)
F3: =IFERROR(D3/C3,0) | G3: =IFERROR(E3/100,0)
F4: =IFERROR(D4/C4,0) | G4: =IFERROR(E4/100,0)
F5: =IFERROR(D5/C5,0) | G5: =IFERROR(E5/100,0)
F6: =IFERROR(D6/C6,0) | G6: =IFERROR(E6/100,0)
F7: =IFERROR(D7/C7,0) | G7: =IFERROR(E7/100,0)
F8: =IFERROR(D8/C8,0) | G8: =IFERROR(E8/100,0)
F9: =IFERROR(D9/C9,0) | G9: =IFERROR(E9/100,0)
F10: =IFERROR(D10/C10,0) | G10: =IFERROR(E10/100,0)
F11: =IFERROR(D11/C11,0) | G11: =IFERROR(E11/100,0)
F12: =IFERROR(D12/C12,0) | G12: =IFERROR(E12/100,0)
F13: =IFERROR(D13/C13,0) | G13: =IFERROR(E13/100,0)
... F500: =IFERROR(D500/C500,0) | G500: =IFERROR(E500/100,0)

Sheet Recipe_Ingredients
A1: Recipe_ID | B1: Ingredient_ID | C1: Amount_g | D1: Cost_per_Gram | E1: Line_Cost | F1: Calories_per_Gram | G1: Line_Calories
D2: =IFERROR(INDEX(Ingredients!$F$2:$F$500,MATCH(B2,Ingredients!$A$2:$A$500,0)),0) | E2: =C2*D2 | F2: =IFERROR(INDEX(Ingredients!$G$2:$G$500,MATCH(B2,Ingredients!$A$2:$A$500,0)),0) | G2: =C2*F2
D3: =IFERROR(INDEX(Ingredients!$F$2:$F$500,MATCH(B3,Ingredients!$A$2:$A$500,0)),0) | E3: =C3*D3 | F3: =IFERROR(INDEX(Ingredients!$G$2:$G$500,MATCH(B3,Ingredients!$A$2:$A$500,0)),0) | G3: =C3*F3
D4: =IFERROR(INDEX(Ingredients!$F$2:$F$500,MATCH(B4,Ingredients!$A$2:$A$500,0)),0) | E4: =C4*D4 | F4: =IFERROR(INDEX(Ingredients!$G$2:$G$500,MATCH(B4,Ingredients!$A$2:$A$500,0)),0) | G4: =C4*F4
D5: =IFERROR(INDEX(Ingredients!$F$2:$F$500,MATCH(B5,Ingredients!$A$2:$A$500,0)),0) | E5: =C5*D5 | F5: =IFERROR(INDEX(Ingredients!$G$2:$G$500,MATCH(B5,Ingredients!$A$2:$A$500,0)),0) | G5: =C5*F5
D6: =IFERROR(INDEX(Ingredients!$F$2:$F$500,MATCH(B6,Ingredients!$A$2:$A$500,0)),0) | E6: =C6*D6 | F6: =IFERROR(INDEX(Ingredients!$G$2:$G$500,MATCH(B6,Ingredients!$A$2:$A$500,0)),0) | G6: =C6*F6
D7: =IFERROR(INDEX(Ingredients!$F$2:$F$500,MATCH(B7,Ingredients!$A$2:$A$500,0)),0) | E7: =C7*D7 | F7: =IFERROR(INDEX(Ingredients!$G$2:$G$500,MATCH(B7,Ingredients!$A$2:$A$500,0)),0) | G7: =C7*F7
D8: =IFERROR(INDEX(Ingredients!$F$2:$F$500,MATCH(B8,Ingredients!$A$2:$A$500,0)),0) | E8: =C8*D8 | F8: =IFERROR(INDEX(Ingredients!$G$2:$G$500,MATCH(B8,Ingredients!$A$2:$A$500,0)),0) | G8: =C8*F8
D9: =IFERROR(INDEX(Ingredients!$F$2:$F$500,MATCH(B9,Ingredients!$A$2:$A$500,0)),0) | E9: =C9*D9 | F9: =IFERROR(INDEX(Ingredients!$G$2:$G$500,MATCH(B9,Ingredients!$A$2:$A$500,0)),0) | G9: =C9*F9
D10: =IFERROR(INDEX(Ingredients!$F$2:$F$500,MATCH(B10,Ingredients!$A$2:$A$500,0)),0) | E10: =C10*D10 | F10: =IFERROR(INDEX(Ingredients!$G$2:$G$500,MATCH(B10,Ingredients!$A$2:$A$500,0)),0) | G10: =C10*F10
D11: =IFERROR(INDEX(Ingredients!$F$2:$F$500,MATCH(B11,Ingredients!$A$2:$A$500,0)),0) | E11: =C11*D11 | F11: =IFERROR(INDEX(Ingredients!$G$2:$G$500,MATCH(B11,Ingredients!$A$2:$A$500,0)),0) | G11: =C11*F11
D12: =IFERROR(INDEX(Ingredients!$F$2:$F$500,MATCH(B12,Ingredients!$A$2:$A$500,0)),0) | E12: =C12*D12 | F12: =IFERROR(INDEX(Ingredients!$G$2:$G$500,MATCH(B12,Ingredients!$A$2:$A$500,0)),0) | G12: =C12*F12
D13: =IFERROR(INDEX(Ingredients!$F$2:$F$500,MATCH(B13,Ingredients!$A$2:$A$500,0)),0) | E13: =C13*D13 | F13: =IFERROR(INDEX(Ingredients!$G$2:$G$500,MATCH(B13,Ingredients!$A$2:$A$500,0)),0) | G13: =C13*F13
... D500: =IFERROR(INDEX(Ingredients!$F$2:$F$500,MATCH(B500,Ingredients!$A$2:$A$500,0)),0) | E500: =C500*D500 | F500: =IFERROR(INDEX(Ingredients!$G$2:$G$500,MATCH(B500,Ingredients!$A$2:$A$500,0)),0) | G500: =C500*F500

Sheet Recipes
A1: Recipe_ID | B1: Recipe_Name | C1: Yield_Units | D1: Unit_Type | E1: Total_Cost_per_Batch | F1: Cost_per_Unit | G1: Total_Calories_per_Batch | H1: Calories_per_Unit | I1: Target_Price_per_Unit | J1: Suggested_Price_per_Unit | K1: Gross_Margin_%
E2: =IFERROR(SUMIF(Recipe_Ingredients!$A$2:$A$500,A2,Recipe_Ingredients!$E$2:$E$500),0) | F2: =IFERROR(E2/C2,0) | G2: =IFERROR(SUMIF(Recipe_Ingredients!$A$2:$A$500,A2,Recipe_Ingredients!$G$2:$G$500),0) | H2: =IFERROR(G2/C2,0) | J2: =ROUND(F2*3,2) | K2: =IFERROR((I2-F2)/I2,0)
E3: =IFERROR(SUMIF(Recipe_Ingredients!$A$2:$A$500,A3,Recipe_Ingredients!$E$2:$E$500),0) | F3: =IFERROR(E3/C3,0) | G3: =IFERROR(SUMIF(Recipe_Ingredients!$A$2:$A$500,A3,Recipe_Ingredients!$G$2:$G$500),0) | H3: =IFERROR(G3/C3,0) | J3: =ROUND(F3*3,2) | K3: =IFERROR((I3-F3)/I3,0)
E4: =IFERROR(SUMIF(Recipe_Ingredients!$A$2:$A$500,A4,Recipe_Ingredients!$E$2:$E$500),0) | F4: =IFERROR(E4/C4,0) | G4: =IFERROR(SUMIF(Recipe_Ingredients!$A$2:$A$500,A4,Recipe_Ingredients!$G$2:$G$500),0) | H4: =IFERROR(G4/C4,0) | J4: =ROUND(F4*3,2) | K4: =IFERROR((I4-F4)/I4,0)
E5: =IFERROR(SUMIF(Recipe_Ingredients!$A$2:$A$500,A5,Recipe_Ingredients!$E$2:$E$500),0) | F5: =IFERROR(E5/C5,0) | G5: =IFERROR(SUMIF(Recipe_Ingredients!$A$2:$A$500,A5,Recipe_Ingredients!$G$2:$G$500),0) | H5: =IFERROR(G5/C5,0) | J5: =ROUND(F5*3,2) | K5: =IFERROR((I5-F5)/I5,0)
E6: =IFERROR(SUMIF(Recipe_Ingredients!$A$2:$A$500,A6,Recipe_Ingredients!$E$2:$E$500),0) | F6: =IFERROR(E6/C6,0) | G6: =IFERROR(SUMIF(Recipe_Ingredients!$A$2:$A$500,A6,Recipe_Ingredients!$G$2:$G$500),0) | H6: =IFERROR(G6/C6,0) | J6: =ROUND(F6*3,2) | K6: =IFERROR((I6-F6)/I6,0)
E7: =IFERROR(SUMIF(Recipe_Ingredients!$A$2:$A$500,A7,Recipe_Ingredients!$E$2:$E$500),0) | F7: =IFERROR(E7/C7,0) | G7: =IFERROR(SUMIF(Recipe_Ingredients!$A$2:$A$500,A7,Recipe_Ingredients!$G$2:$G$500),0) | H7: =IFERROR(G7/C7,0) | J7: =ROUND(F7*3,2) | K7: =IFERROR((I7-F7)/I7,0)
E8: =IFERROR(SUMIF(Recipe_Ingredients!$A$2:$A$500,A8,Recipe_Ingredients!$E$2:$E$500),0) | F8: =IFERROR(E8/C8,0) | G8: =IFERROR(SUMIF(Recipe_Ingredients!$A$2:$A$500,A8,Recipe_Ingredients!$G$2:$G$500),0) | H8: =IFERROR(G8/C8,0) | J8: =ROUND(F8*3,2) | K8: =IFERROR((I8-F8)/I8,0)
E9: =IFERROR(SUMIF(Recipe_Ingredients!$A$2:$A$500,A9,Recipe_Ingredients!$E$2:$E$500),0) | F9: =IFERROR(E9/C9,0) | G9: =IFERROR(SUMIF(Recipe_Ingredients!$A$2:$A$500,A9,Recipe_Ingredients!$G$2:$G$500),0) | H9: =IFERROR(G9/C9,0) | J9: =ROUND(F9*3,2) | K9: =IFERROR((I9-F9)/I9,0)
E10: =IFERROR(SUMIF(Recipe_Ingredients!$A$2:$A$500,A10,Recipe_Ingredients!$E$2:$E$500),0) | F10: =IFERROR(E10/C10,0) | G10: =IFERROR(SUMIF(Recipe_Ingredients!$A$2:$A$500,A10,Recipe_Ingredients!$G$2:$G$500),0) | H10: =IFERROR(G10/C10,0) | J10: =ROUND(F10*3,2) | K10: =IFERROR((I10-F10)/I10,0)
E11: =IFERROR(SUMIF(Recipe_Ingredients!$A$2:$A$500,A11,Recipe_Ingredients!$E$2:$E$500),0) | F11: =IFERROR(E11/C11,0) | G11: =IFERROR(SUMIF(Recipe_Ingredients!$A$2:$A$500,A11,Recipe_Ingredients!$G$2:$G$500),0) | H11: =IFERROR(G11/C11,0) | J11: =ROUND(F11*3,2) | K11: =IFERROR((I11-F11)/I11,0)
E12: =IFERROR(SUMIF(Recipe_Ingredients!$A$2:$A$500,A12,Recipe_Ingredients!$E$2:$E$500),0) | F12: =IFERROR(E12/C12,0) | G12: =IFERROR(SUMIF(Recipe_Ingredients!$A$2:$A$500,A12,Recipe_Ingredients!$G$2:$G$500),0) | H12: =IFERROR(G12/C12,0) | J12: =ROUND(F12*3,2) | K12: =IFERROR((I12-F12)/I12,0)
E13: =IFERROR(SUMIF(Recipe_Ingredients!$A$2:$A$500,A13,Recipe_Ingredients!$E$2:$E$500),0) | F13: =IFERROR(E13/C13,0) | G13: =IFERROR(SUMIF(Recipe_Ingredients!$A$2:$A$500,A13,Recipe_Ingredients!$G$2:$G$500),0) | H13: =IFERROR(G13/C13,0) | J13: =ROUND(F13*3,2) | K13: =IFERROR((I13-F13)/I13,0)
... E500: =IFERROR(SUMIF(Recipe_Ingredients!$A$2:$A$500,A500,Recipe_Ingredients!$E$2:$E$500),0) | F500: =IFERROR(E500/C500,0) | G500: =IFERROR(SUMIF(Recipe_Ingredients!$A$2:$A$500,A500,Recipe_Ingredients!$G$2:$G$500),0) | H500: =IFERROR(G500/C500,0) | J500: =ROUND(F500*3,2) | K500: =IFERROR((I500-F500)/I500,0)

Sheet Notes
A1: Bakery Costing Template - Notes
A3: Excel formulas (current):
A4: Ingredients!F: =IFERROR(D2/C2,0)
A5: Ingredients!G: =IFERROR(E2/100,0)
A6: Recipe_Ingredients!D: =IFERROR(INDEX(Ingredients!$F$2:$F$500,MATCH(B2,Ingredients!$A$2:$A$500,0)),0)
A7: Recipe_Ingredients!F: =IFERROR(INDEX(Ingredients!$G$2:$G$500,MATCH(B2,Ingredients!$A$2:$A$500,0)),0)
A8: Recipe_Ingredients!E: =C2*D2
A9: Recipe_Ingredients!G: =C2*F2
A10: Recipes!E: =IFERROR(SUMIF(Recipe_Ingredients!$A$2:$A$500,A2,Recipe_Ingredients!$E$2:$E$500),0)
A11: Recipes!G: =IFERROR(SUMIF(Recipe_Ingredients!$A$2:$A$500,A2,Recipe_Ingredients!$G$2:$G$500),0)
A12: Recipes!F: =IFERROR(E2/C2,0)
A13: Recipes!H: =IFERROR(G2/C2,0)
... A19: Recipe_Ingredients!F: =IFERROR(XLOOKUP(B2,Ingredients!$A$2:$A$500,Ingredients!$G$2:$G$500),0)
